Main ID,Incident ID,Incident Type,Region of Incident,Incident Date,Incident Year,Month,Number of Dead,Minimum Estimated Number of Missing,Total Number of Dead and Missing,Number of Survivors,Number of Females,Number of Males,Number of Children,Country of Origin,Region of Origin,Cause of Death,Country of Incident,Migration Route,Location of Incident,Coordinates,UNSD Geographical Grouping,Information Source,URL,Source Quality,Latitude,Longitude,Distance_to_Lampedusa_km,Location_note
2014.MMP00099,2014.MMP00099,Incident,Mediterranean,2014-06-05,2014,June,3,0,3,,,,,Unknown,Unknown,Mixed or unknown,Italy,Central Mediterranean,Italian waters,"35.358, 13",Uncategorized,Reuters,http://reut.rs/2bBvz2p,1,35.358,13.0,40.50699617,
2015.MMP00361,2015.MMP00361,Incident,Mediterranean,2015-09-01,2015,September,4,0,4,112,4,,,Unknown,Sub-Saharan Africa (P),Vehicle accident / death linked to hazardous transport,Libya,Central Mediterranean,30 miles off the coast of Libya,"35.4607, 13.1396",Uncategorized,LaPresse,http://bit.ly/1UrF924,1,35.4607,13.1396,49.78541867,Location text refers to the Libyan coast; the supplied coordinates are near Lampedusa. Unresolved source discrepancy.
2016.MMP00310,2016.MMP00310,Incident,Mediterranean,2016-03-20,2016,March,,4,4,,,,,Unknown,Unknown,Mixed or unknown,Italy,Central Mediterranean,boat arrived in Lampedusa,"35.497699, 12.602115",Uncategorized,IOM Italy,http://bit.ly/1LDGIf9,4,35.497699,12.602115,1.47142658,
2016.MMP00377,2016.MMP00377,Incident,Mediterranean,2016-04-17,2016,April,8,24,32,108,,,,Unknown,Mixed,Mixed or unknown,Italy,Central Mediterranean,"off the coast of Lampedusa, Italy","35.501218, 12.50509",Uncategorized,"IOM Italy, UNHCR",http://bit.ly/1qCFZB4,4,35.501218,12.50509,7.99083077,
2017.MMP00359,2017.MMP00359,Incident,Mediterranean,2017-05-07,2017,May,,82,82,50,,,,Unknown,Mixed,Drowning,Libya,Central Mediterranean,Unspecified location between Libya and Italy,"35.5321535, 12.7423968",Uncategorized,UNHCR,http://bit.ly/2Ak0mbS,4,35.5321535,12.7423968,13.78099672,
2017.MMP00579,2017.MMP00579,Incident,Mediterranean,2017-06-30,2017,June,1,0,1,,,1,,Ghana,Western Africa,Mixed or unknown,Italy,Central Mediterranean,In hospital in Lampedusa after being rescued off the coast of Libya,"35.6435454, 12.3563434",Uncategorized,Proactiva Open Arms,http://bit.ly/2t99P4m,4,35.6435454,12.3563434,26.13167566,
2018.MMP01462,2018.MMP01462,Incident,Mediterranean,2018-11-10,2018,November,,1,1,40,,1,,Unknown,Unknown,Drowning,Italy,Central Mediterranean,"Channel of Sicily, off the coast of Lampedusa, Italy","35.20397868, 12.81264656",Uncategorized,"Nuovo Sud, ANSA",https://bit.ly/2DkHYE1 https://bit.ly/2OK8NUg,3,35.20397868,12.81264656,39.29969898,
2019.MMP01432,2019.MMP01432,Incident,Mediterranean,2019-10-07,2019,October,25,3,28,22,14,,5,Mixed,Western Africa (P),Drowning,Italy,Central Mediterranean,"Off the coast of Lampedusa, Italy - boat departed from Tunisia","35.210549549, 12.180541076",Uncategorized,IOM Italy,http://bit.ly/30SkUof,4,35.210549549,12.180541076,49.96683595,
2019.MMP01666,2019.MMP01666,Incident,Mediterranean,2019-11-23,2019,November,5,21,26,149,15,11,,"Algeria,Eritrea,Libya,Morocco,Nigeria,Unknown",Mixed,Drowning,Italy,Central Mediterranean,"One mile off the coast of Isola dei Conigli, Lampedusa, Italy","35.509728903, 12.555303694",Uncategorized,"Guardia Costiera, IOM Italy",http://bit.ly/2DfRV4e,5,35.509728903,12.555303694,3.40535101,
2020.MMP00268,"2020.MMP00268267,2020.MMP00268268",Split Incident,Mediterranean,2020-04-14,2020,April,5,7,12,51,,12,,"Eritrea,Ethiopia",Eastern Africa,Mixed or unknown,Malta,Central Mediterranean,"Rescued by a commercial ship in the Maltese SAR zone, transferred to the Libyan Coast Guard and disembarked in Tripoli, Libya","35.28024717, 12.60939949",Uncategorized,"IOM Libya, Alarm Phone",https://archive.ph/Sh2xm,4,35.28024717,12.60939949,25.43568335,
2020.MMP00835,"2020.MMP00835825,2020.MMP00835826,2020.MMP00835827",Split Incident,Mediterranean,2020-10-22,2020,October,1,9,10,15,3,,2,"Libya,Morocco,Unknown","Northern Africa,Unknown",Drowning,Italy,Central Mediterranean,"Boat capsized off the coast of Lampedusa, Italy. Survivors were rescued by fishermen and brought to shore.","35.47619623, 12.56751412",Uncategorized,"IOM, Sara Creta (independent journalist),UNHCR Libya",https://archive.ph/Ijr2m,4,35.47619623,12.56751412,4.27372260,
2020.MMP00892,2020.MMP00892,Incident,Mediterranean,2020-11-03,2020,November,1,0,1,,,,,Unknown,Unknown,Drowning,Italy,Central Mediterranean,"Body seen at the coast of Lampedusa, Italy - presumably, the death happened days or weeks before","35.5086218, 12.59292",Uncategorized,Mediterraneo Cronaca,https://archive.vn/RXdeJ,1,35.5086218,12.59292,0.00302544,
2021.MMP00112,2021.MMP00112,Incident,Mediterranean,2021-02-13,2021,February,1,22,23,25,,,,Mixed,Sub-Saharan Africa (P),Drowning,Italy,Central Mediterranean,"100 KM north-west of Lampedusa, Italy. Boat sailed on night of 12 Feb with 48 POB from Sidi Mansour, Sfax.","35.57736051, 12.59360665",Uncategorized,"The Guardian, Nesma TV, AP",https://archive.vn/IJrZo,3,35.57736051,12.59360665,7.64608718,Location text says 100 km northwest of Lampedusa; the supplied coordinates give 7.65 km. Unresolved source discrepancy.
2021.MMP00139,2021.MMP00139,Incident,Mediterranean,2021-02-21,2021,February,,12,12,45,,,,Unknown,Mixed,Drowning,Italy,Central Mediterranean,"15 miles south of Lampedusa, Italy","35.41265243, 12.58948677",Uncategorized,"UNHCR, Alarm Phone, Mediterranea, Reuters, Aninews",https://archive.vn/gUiQz,4,35.41265243,12.58948677,10.67336074,
2021.MMP00449,2021.MMP00449,Incident,Mediterranean,2021-06-30,2021,June,7,9,16,,7,0,0,Unknown,Western Africa (P),Drowning,Italy,Central Mediterranean,"5 nautical miles off Lampedusa - Embarkation on 28 June from Sfax, Tunisia,","35.42625723, 12.60431809",Uncategorized,"IOM Italy, Rai News",https://archive.ph/Pdeli,4,35.42625723,12.60431809,9.21430351,
2021.MMP0280,"2021.MMP02801277,2021.MMP02801278",Split Incident,Mediterranean,2021-12-16,2021,December,1,2,3,25,1,2,,"Côte d'Ivoire,Unknown","Sub-Saharan Africa (P),Western Africa",Drowning,Italy,Central Mediterranean,Unspecified location about 18 miles off the coast of Lampedusa,"35.28499617, 12.5961634",Uncategorized,"IOM Italy, La Stampa",https://archive.ph/xTcy3,4,35.28499617,12.5961634,24.86537096,
2022.MMP2076,2022.MMP2076,Incident,Mediterranean,2022-01-20,2022,January,1,0,1,,,1,,Unknown,Unknown,Drowning,Italy,Central Mediterranean,"Unspecified location between Libya and Lampedusa, Italy in Italian SAR Zone","35.210959, 12.913841",Uncategorized,UNHCR Sicily,,4,35.210959,12.913841,44.07258219,
2022.MMP00043,2022.MMP00043,Incident,Mediterranean,2022-01-24,2022,January,7,0,7,280,,7,,Bangladesh,Southern Asia,"Harsh environmental conditions / lack of adequate shelter, food, water",Italy,Central Mediterranean,"Off the coast of Lampedusa, Italy - departure from Zwara, Libya","35.498635, 12.570711",Uncategorized,"IOM Italy, Alarm Phone, Associated Press",https://archive.ph/PlWVU,4,35.498635,12.570711,2.29394543,
2022.MMP1074,2022.MMP1074,Incident,Mediterranean,2022-09-12,2022,September,1,0,1,117,,1,,Bangladesh,Southern Asia,Sickness / lack of access to adequate healthcare,Italy,Central Mediterranean,"In the waters half a mile from the port of Lampedusa, Italy","35.48539, 12.603636",Uncategorized,"InfoMigrants, Sky TG24, Grand Angolo Agrigento ",https://archive.ph/gKb8p,3,35.48539,12.603636,2.75777638,
2022.MMP1219,2022.MMP1219,Incident,Mediterranean,2022-10-20,2022,October,2,2,4,34,,,2,Mixed/Unknown,Western Africa,Vehicle accident / death linked to hazardous transport,Italy,Central Mediterranean,"Unspecified location in Maltese SAR Zone, disembarkation in Lampedusa, Italy - embarkation from Sfax, Tunisia","35.487872, 12.761094",Uncategorized,"IOM Italy, MSF, Mediterranean Hope",https://archive.ph/zIKFP,4,35.487872,12.761094,15.39963990,
2022.MMP2089,2022.MMP2089,Incident,Mediterranean,2022-10-20,2022,October,,1,1,,,,,Unknown,Unknown,Drowning,Italy,Central Mediterranean,"Unspecified location between Libya and Lampedusa, Italy in Italian SAR Zone","35.230959, 12.923841",Uncategorized,UNHCR,,4,35.230959,12.923841,43.05249775,
2022.MMP1220,2022.MMP1220,Incident,Mediterranean,2022-10-21,2022,October,,1,1,70,,,1,Unknown,Sub-Saharan Africa (P),Drowning,Italy,Central Mediterranean,"Off the island of Lampione (close to Lampedusa) south of Sicily, Italy - embarkation from Sfax, Tunisia","35.549222, 12.319262",Uncategorized,"IOM Italy, InfoMigrants",https://archive.ph/03nCV,4,35.549222,12.319262,25.17089743,
2022.MMP1221,2022.MMP1221,Incident,Mediterranean,2022-10-23,2022,October,4,,4,26,3,4,1,Unknown,Sub-Saharan Africa (P),Drowning,Italy,Central Mediterranean,"24 nautical miles off Lampedusa, south of Sicily, Italy - embarkation from Tunisia","35.399013, 12.111521",Uncategorized,"IOM Italy, ANSA, InfoMigrants",https://archive.ph/Lmg4b,4,35.399013,12.111521,45.27280871,
2022.MMP2091,2022.MMP2091,Incident,Mediterranean,2022-10-24,2022,October,,7,7,,,,,Unknown,Unknown,Drowning,Italy,Central Mediterranean,"Unspecified location within the Italian SAR, north of Lampedusa, Italy close to Linosa, where the boat went adrift","35.705234, 12.949771",Uncategorized,UNHCR,,4,35.705234,12.949771,38.97376778,
2022.MMP2092,2022.MMP2092,Incident,Mediterranean,2022-10-25,2022,October,2,0,2,,,,2,Unknown,Unknown,"Harsh environmental conditions / lack of adequate shelter, food, water",Italy,Central Mediterranean,"Unspecified location between Tunisia and Lampedusa, Italy in Italian SAR Zone","35.497489, 12.251131",Uncategorized,UNHCR,,4,35.497489,12.251131,30.96228619,
2022.MMP2093,2022.MMP2093,Incident,Mediterranean,2022-10-27,2022,October,1,1,2,,,,,Unknown,Unknown,Drowning,Italy,Central Mediterranean,"Unspecified location between Tunisia and Lampedusa, Italy in Italian SAR Zone","35.507489, 12.261131",Uncategorized,UNHCR,,4,35.507489,12.261131,30.03079153,
2022.MMP1265,2022.MMP1265,Incident,Mediterranean,2022-11-09,2022,November,1,0,1,,1,,,Unknown,Unknown,"Harsh environmental conditions / lack of adequate shelter, food, water",Italy,Central Mediterranean,"At Lampedusa polyclinic, Lampedusa, Italy","35.50643, 12.612362",Uncategorized,"Ansamed, lasicilia",https://archive.ph/Prssb,3,35.50643,12.612362,1.77809095,
2022.MMP1266,2022.MMP1266,Incident,Mediterranean,2022-11-10,2022,November,1,0,1,36,,,1,Côte d'Ivoire,Western Africa,Sickness / lack of access to adequate healthcare,Italy,Central Mediterranean,"Found dead on board a boat off Lampedusa, Italy - embarkation from Tunisia","35.479292, 12.613548",Uncategorized,"Ansa, InfoMigrants",https://archive.ph/2ZX5B,3,35.479292,12.613548,3.75696170,
2022.MMP1323,2022.MMP1323,Incident,Mediterranean,2022-12-03,2022,December,,3,3,40,,,,Unknown,Unknown,Drowning,Italy,Central Mediterranean,"Unspecified location off the coast of Lampedusa, Italy. Boat departed from Sfax, Tunisia","35.36774, 12.192956",Uncategorized,"IOM Italy, Avenire",https://archive.ph/TsMNP,4,35.36774,12.192956,39.47344255,
2022.MMP1324,"2022.MMP13241447,2022.MMP13241448",Split Incident,Mediterranean,2022-12-04,2022,December,,4,4,32,,2,2,"Côte d'Ivoire,Unknown","Unknown,Western Africa",Drowning,Italy,Central Mediterranean,"Unspecified location off the coast of Lampedusa, Italy.","35.339179, 12.471734",Uncategorized,"IOM Italy, Mediterranea Saving Humans via Twitter, Ansa",https://archive.ph/ow1mE,4,35.339179,12.471734,21.80451500,
2022.MMP1325,2022.MMP1325,Incident,Mediterranean,2022-12-05,2022,December,1,7,8,,,,,Unknown,Sub-Saharan Africa,Drowning,Italy,Central Mediterranean,"Unspecified location off the coast of Lampedusa, Italy","35.380617, 12.290459",Uncategorized,IOM Italy,,4,35.380617,12.290459,30.87303694,
2022.MMP1365,2022.MMP1365,Incident,Mediterranean,2022-12-18,2022,December,1,3,4,43,1,,1,Côte d'Ivoire,Western Africa,Drowning,Italy,Central Mediterranean,"10 miles South of the coast of Lamedusa, Italy","35.381927, 12.54805",Uncategorized,"IOM Italy, San Diego Tribune, Italy 24, MSN, La Repubblica",https://archive.vn/x50wn,4,35.381927,12.54805,14.65963693,
2023.MMP0091,2023.MMP0091,Incident,Mediterranean,2023-02-19,2023,February,1,0,1,45,1,,1,Guinea,Western Africa,Mixed or unknown,Italy,Central Mediterranean,"Remains found by Italian authorities on boat with 45 survivors. Boat departed from Sfax, Tunisia.","35.34399785, 12.18455545",Uncategorized,"IOM Italy, Infomigrants",https://archive.ph/BuL6C,4,35.34399785,12.18455545,41.27898693,
2023.MMP0105,2023.MMP0105,Incident,Mediterranean,2023-02-20,2023,February,1,0,1,,1,,,Côte d'Ivoire,Western Africa,Sickness / lack of access to adequate healthcare,Italy,Central Mediterranean,"In migrant reception center in Lampedusa, Italy - arrived 2 days before, embarkation from Sfax, Tunisia","35.49995631, 12.60003218",Uncategorized,"IOM Italy, InfoMogrants",https://archive.ph/KOGLs,4,35.49995631,12.60003218,1.15783919,
2023.MMP0589,2023.MMP0589,Incident,Mediterranean,2023-03-07,2023,March,1,0,1,,1,,,Côte d'Ivoire,Western Africa,Sickness / lack of access to adequate healthcare,Italy,Central Mediterranean,"Died 2 days after arrival in Lampedusa, Italy, due to pulmonary edema caused by conditions on the crossing","35.50646131, 12.6123396",Uncategorized,UNHCR,,4,35.50646131,12.6123396,1.77561217,
2023.MMP0140,2023.MMP0140,Incident,Mediterranean,2023-03-08,2023,March,1,1,2,20,1,,,Unknown,Sub-Saharan Africa (P),Drowning,Italy,Central Mediterranean,"Unspecified location off Lampedusa, Italy - embarkation from Sfax, Tunisia","35.39081583, 12.46094205",Uncategorized,"La Sicilia, ANSA Italy",https://archive.vn/pXToD,3,35.39081583,12.46094205,17.73150828,
2023.MMP0201,2023.MMP0201,Incident,Mediterranean,2023-04-09,2023,April,2,20,22,22,,2,,Unknown,Sub-Saharan Africa,Drowning,Italy,Central Mediterranean,"Unspecified location in Central Med, disembarkation in Lampedusa, Italy - Embarkation from Sfax, Tunisia","35.414808, 12.39693875",Uncategorized,"ResQship, IOM Italy, UNHCR, France 24, ANSA",https://archive.vn/KS2dh,4,35.414808,12.39693875,20.58536928,
2023.MMP0592,2023.MMP0592,Incident,Mediterranean,2023-04-09,2023,April,1,0,1,38,,1,,Unknown,Unknown,"Harsh environmental conditions / lack of adequate shelter, food, water",Italy,Central Mediterranean,"Died shortly after arrival in Lampedusa, Italy due to hypothermia after falling into the water in the high seas (but then reboarding the boat at sea). Departed from Libya.","35.50646131, 12.6123396",Uncategorized,UNHCR,,4,35.50646131,12.6123396,1.77561217,
2023.MMP0268,2023.MMP0268,Incident,Mediterranean,2023-04-18,2023,April,1,0,1,55,,1,,Unknown,Unknown,Drowning,Italy,Central Mediterranean,"Unspecified location off the coast of Lampedusa, Italy. Disembarked at Favaloro pier","35.34032554, 12.76781393",Uncategorized,Fanpage.it,https://archive.ph/mqtv1,1,35.34032554,12.76781393,24.52148760,
2023.MMP0269,2023.MMP0269,Incident,Mediterranean,2023-04-18,2023,April,1,0,1,286,,1,,Unknown,Unknown,Mixed or unknown,Italy,Central Mediterranean,"Unspecified location off the coast of Lampedusa, Italy","35.32032554, 12.77813932",Uncategorized,Fanpage.it,https://archive.ph/mqtv1,1,35.32032554,12.77813932,26.83420344,
2023.MMP0267,"2023.MMP0267334,2023.MMP0267352",Split Incident,Mediterranean,2023-04-24,2023,April,3,19,22,34,2,1,,"Côte d'Ivoire,Mixed,Unknown","Sub-Saharan Africa,Western Africa",Drowning,Italy,Central Mediterranean,"Unspecified near Lampedusa, Italy after departure from Sfax, Tunisia","35.33032554, 12.56781393",Uncategorized,"IOM Italy, L'Unione Sarda",https://archive.ph/KWb3f,4,35.33032554,12.56781393,19.95312805,
2023.MMP0276,2023.MMP0276,Incident,Mediterranean,2023-04-24,2023,April,,4,4,41,,,,Unknown,Unknown,Drowning,Italy,Central Mediterranean,"Unspecified near Lampedusa, Italy after departure from Sfax, Tunisia","35.33032554, 12.56781393",Uncategorized,"IOM Italy, L'Unione Sarda",https://archive.ph/KWb3f,4,35.33032554,12.56781393,19.95312805,
2023.MMP0277,2023.MMP0277,Incident,Mediterranean,2023-04-24,2023,April,,6,6,38,,,,Unknown,Unknown,Drowning,Italy,Central Mediterranean,"Unspecified near Lampedusa, Italy after departure from Sfax, Tunisia","35.33032554, 12.56781393",Uncategorized,"IOM Italy, L'Unione Sarda",https://archive.ph/KWb3f,4,35.33032554,12.56781393,19.95312805,
2023.MMP0278,2023.MMP0278,Incident,Mediterranean,2023-04-24,2023,April,1,0,1,35,1,,,Guinea,Western Africa,Drowning,Italy,Central Mediterranean,"Unspecified near Lampedusa, Italy after departure from Sfax, Tunisia","35.33032554, 12.56781393",Uncategorized,"IOM Italy, L'Unione Sarda",https://archive.ph/KWb3f,4,35.33032554,12.56781393,19.95312805,
2023.MMP0304,2023.MMP0304,Incident,Mediterranean,2023-04-29,2023,April,,3,3,46,1,,,Unknown,Sub-Saharan Africa,Drowning,Italy,Central Mediterranean,"In the Italian SAR zone, off of Lampedusa - departure a few hours earlier from Sfax, Tunisia","35.4391568, 12.46888386",Uncategorized,"InfoMigrants, La Sicilia, ANSA",https://archive.ph/rn1st,3,35.4391568,12.46888386,13.62879861,
2023.MMP0305,2023.MMP0305,Incident,Mediterranean,2023-05-01,2023,May,,1,1,34,,,1,Unknown,Eastern Africa (P),Drowning,Italy,Central Mediterranean,"Unspecified location on the sea crossing from Sfax, Tunisia to Lampedusa, Italy","35.4391568, 12.46888386",Uncategorized,"InfoMigrants, La Sicilia Web",https://archive.ph/0kPXK,3,35.4391568,12.46888386,13.62879861,
2023.MMP0331,2023.MMP0331,Incident,Mediterranean,2023-05-05,2023,May,1,0,1,46,1,,,Guinea,Western Africa,Drowning,Italy,Central Mediterranean,"During a rescue off Lampedusa, Italy - embarked from Sfax, Tunisia","35.49697955, 12.60466092",Uncategorized,"IOM Italy, Arigento Notizie",https://archive.vn/elr7t,4,35.49697955,12.60466092,1.67422889,
2023.MMP0332,2023.MMP0332,Incident,Mediterranean,2023-05-05,2023,May,1,0,1,,,,,Unknown,Sub-Saharan Africa (P),Drowning,Italy,Central Mediterranean,"Remains retreived from the water during a seperate rescue operation off Lampedusa, Italy","35.49297506, 12.6005037",Uncategorized,"IOM Italy, Arigento Notizie",https://archive.vn/elr7t,4,35.49297506,12.6005037,1.86879505,
2023.MMP0333,"2023.MMP0333433,2023.MMP0333434",Split Incident,Mediterranean,2023-05-05,2023,May,,3,3,37,,1,,"Burkina Faso,Unknown","Sub-Saharan Africa (P),Western Africa",Drowning,Italy,Central Mediterranean,"42 KM off Lampedusa, Italy,Southeast Lampedusa, Italy","35.45978426, 12.54709478",Uncategorized,"IOM Italy, ResQship,IOM Italy, ResQship, UNHCR",https://archive.vn/Y0W68,4,35.45978426,12.54709478,6.83113689,Location text says 42 km from Lampedusa; the supplied coordinates give 6.83 km. Unresolved source discrepancy.
2023.MMP0435,2023.MMP0435,Incident,Mediterranean,2023-06-20,2023,June,,3,3,,1,1,1,Unknown,Sub-Saharan Africa (P),Drowning,Italy,Central Mediterranean,"Off Lampedusa, Italy - embarkation from Sfax, Tunisia on 19 Jun","35.4930449, 12.59314641",Uncategorized,"Sea Watch, Ansa",https://archive.vn/7sVtm,4,35.4930449,12.59314641,1.72979203,
2023.MMP1350,"2023.MMP1350544,2023.MMP1350548",Split Incident,Mediterranean,2023-06-21,2023,June,,5,5,,,,1,"Côte d'Ivoire,Unknown","Unknown,Western Africa",Drowning,Italy,Central Mediterranean,"Near Lampedusa, Italy - disembarkation from Tunisia","35.39108545, 12.53681747",Uncategorized,UNHCR,,4,35.39108545,12.53681747,14.01977626,
2023.MMP0439,2023.MMP0439,Incident,Mediterranean,2023-06-23,2023,June,,37,37,9,7,,1,Unknown,Sub-Saharan Africa (P),Drowning,Italy,Central Mediterranean,"Off Lampedusa, Italy - embarkation from Sfax, Tunisia","35.44501046, 12.50353048",Uncategorized,IOM Italy,https://archive.vn/Vr1Y8,4,35.44501046,12.50353048,10.74644868,
2023.MMP0487,2023.MMP0487,Incident,Mediterranean,2023-07-12,2023,July,,5,5,39,,,,Unknown,Unknown,Drowning,Italy,Central Mediterranean,"Off Lampedusa, Italy - possibly among group that sailed from Tunisia","35.44377893, 12.52565239",Uncategorized,IOM Italy,,4,35.44377893,12.52565239,9.43573720,
2023.MMP0677,2023.MMP0677,Incident,Mediterranean,2023-08-09,2023,August,,41,41,4,1,2,4,Mixed,Sub-Saharan Africa (P),Drowning,Italy,Central Mediterranean,"Off the coasts of Lampedusa, embarked from Port Sfax, Tunisia","35.61744307, 12.54009555",Uncategorized,"ANSA, AP News, UNHCR",https://archive.vn/5ilB3,3,35.61744307,12.54009555,13.01121239,
2023.MMP0643,2023.MMP0643,Incident,Mediterranean,2023-08-14,2023,August,1,0,1,36,,,1,Egypt,Northern Africa,Vehicle accident / death linked to hazardous transport,Italy,Central Mediterranean,"Boat rescued near the Pelagie islands, Lampedusa, Italy - embarkation from Zuwara, Libya","35.652893, 12.662932",Uncategorized,"Ansa, Sicilia Reporter, La republica Palermo, UNHCR",https://web.archive.org/web/20230817150203/https://corporate.ansa.it/sito/notizie/cronaca/2023/08/15/migranti-ragazzo-muore-durante-viaggio-per-lampedusa_a2ddc1f2-dc67-4a62-910f-034a7a9ef6c8.html,3,35.652893,12.662932,17.24939012,
2023.MMP0828,2023.MMP0828,Incident,Mediterranean,2023-09-14,2023,September,1,0,1,46,,,1,Guinea,Western Africa,Drowning,Italy,Central Mediterranean,"Off the coast of Lampedusa, Italy","35.50297457, 12.570699",Uncategorized,"IOM Italy, Reuters, InfoMigrants",https://archive.ph/kvUr2,4,35.50297457,12.570699,2.10471266,
2023.MMP1363,2023.MMP1363,Incident,Mediterranean,2023-09-15,2023,September,1,0,1,95,1,,,Unknown,Sub-Saharan Africa (P),Drowning,Italy,Central Mediterranean,Unspecified location in the Mediterranean - embarkation from Tunisia,"35.5692149, 12.15404292",Uncategorized,UNHCR,,4,35.5692149,12.15404292,40.27643752,
2023.MMP0845,2023.MMP0845,Incident,Mediterranean,2023-09-16,2023,September,1,0,1,39,,,1,Unknown,Northern Africa,Sickness / lack of access to adequate healthcare,Italy,Central Mediterranean,"Off Lampedusa, Italy - embarkation from Sfax, Tunisia","35.47339253, 12.57560776",Uncategorized,"ANSA, Nuovo sud",https://web.archive.org/save/https://www.ansa.it/english/news/2023/09/16/newborn-dies-on-migrant-boat-off-lampedusa_691701ae-4bed-4fa7-92f0-75762eb814d5.html,3,35.47339253,12.57560776,4.21632202,
2023.MMP0924,2023.MMP0924,Incident,Mediterranean,2023-10-01,2023,October,1,0,1,,,,,Unknown,Unknown,Drowning,Italy,Central Mediterranean,"Remains washed ashore at one of the beaches in Lampedusa, Italy","35.49939085, 12.59118606",Uncategorized,IOM Italy,,4,35.49939085,12.59118606,1.03569726,
2023.MMP1360,"2023.MMP13601425,2023.MMP13601426",Split Incident,Mediterranean,2023-11-06,2023,November,,2,2,49,,2,,"South Sudan,Sudan","Eastern Africa,Northern Africa",Drowning,Italy,Central Mediterranean,Unspecified location off Italy - embarkation from Tunisia,"35.31236212, 12.28457958",Uncategorized,UNHCR,,4,35.31236212,12.28457958,35.45264865,
2023.MMP1127,2023.MMP1127,Incident,Mediterranean,2023-11-07,2023,November,1,0,1,,,1,,Unknown,Unknown,Mixed or unknown,Italy,Central Mediterranean,"Remains recovered near Cala Pulcino, Lampedusa, Italy","35.51464003, 12.55175221",Uncategorized,"UNHCR, Ansa, Italy24, CNN Greece",https://web.archive.org/web/20231107080842/https://www.ansa.it/english/news/general_news/2023/11/06/migrant-found-dead-in-waters-off-lampedusa_c2d25b0e-0d5c-4ee9-9045-107361e7c009.html,4,35.51464003,12.55175221,3.78445834,
2023.MMP1361,2023.MMP1361,Incident,Mediterranean,2023-11-10,2023,November,,2,2,67,,1,1,Unknown,Eastern Africa (P),Drowning,Italy,Central Mediterranean,"Off Lampedusa, Italy - embarkation from Tunisia","35.43413481, 12.53437544",Uncategorized,UNHCR,,4,35.43413481,12.53437544,9.83103990,
2023.MMP1136,2023.MMP1136,Incident,Mediterranean,2023-11-12,2023,November,1,0,1,194,,1,,Eritrea,Eastern Africa,Mixed or unknown,Italy,Central Mediterranean,"Unspecified location off of the coast of Lampedusa, Italy","35.4634353, 12.5268371",Uncategorized,"InfoMigrants, UNHCR",https://archive.ph/MbacZ,4,35.4634353,12.5268371,7.81016702,
2023.MMP1362,"2023.MMP13621446,2023.MMP13621447",Split Incident,Mediterranean,2023-11-15,2023,November,,2,2,51,,2,,"Gambia,Nigeria",Western Africa,Drowning,Italy,Central Mediterranean,"Lampedusa, Italy - embarkation from Sfax, Tunisia 2 days earlier","35.47665006, 12.61440456",Uncategorized,UNHCR,,4,35.47665006,12.61440456,4.05115461,
2023.MMP1443,"2023.MMP14431449,2023.MMP14431450",Split Incident,Mediterranean,2023-11-15,2023,November,,2,2,,,2,,"Gambia,Nigeria",Western Africa,Drowning,Italy,Central Mediterranean,"Unspecified location near Lampedusa, Italy - embarkation from Sfax, Tunisia","35.28949593, 12.22684232",Uncategorized,UNHCR,,4,35.28949593,12.22684232,41.16333574,
2023.MMP1180,2023.MMP1180,Incident,Mediterranean,2023-11-21,2023,November,1,8,9,42,,,3,Unknown,Northern Africa (P),Drowning,Italy,Central Mediterranean,"Off the coast of Lampedusa, Italy","35.442532, 12.585895",Uncategorized,"ANSA, Reuters",https://archive.ph/ry4Jm,3,35.442532,12.585895,7.37376077,
2023.MMP1183,2023.MMP1183,Incident,Mediterranean,2023-11-21,2023,November,1,0,1,46,1,,,Côte d'Ivoire,Western Africa,Drowning,Italy,Central Mediterranean,"Off Lampedusa, Italy - Departure from Sfax, Tunisia","35.442532, 12.585895",Uncategorized,"ANSA, InfoMigrants",https://archive.vn/TCOTO,3,35.442532,12.585895,7.37376077,
2024.MMP0026,2024.MMP0026,Incident,Mediterranean,2024-01-12,2024,January,,36,36,,,,,Mixed,Mixed,Drowning,Italy,Central Mediterranean,"Disappeared near the coast of Lampedusa, Italy after departing 11 January from Libya","35.20308, 12.763315",Uncategorized,"Alarm Phone, Italian Coast Guard",https://archive.vn/mEdvz,5,35.20308,12.763315,37.32233690,
2024.MMP4022,2024.MMP4022,Incident,Mediterranean,2024-01-30,2024,January,,1,1,,,,,Gambia,Western Africa,Drowning,Italy,Central Mediterranean,"Unspecified location off the coast of Lampedusa, Italy","35.286507, 12.45744",Uncategorized,UNHCR Lampedusa,,4,35.286507,12.45744,27.57947141,
2024.MMP2394,"2024.MMP2394280,2024.MMP2394281",Split Incident,Mediterranean,2024-02-01,2024,February,,2,2,49,,1,1,"Benin,Senegal",Western Africa,Drowning,Italy,Central Mediterranean,"Unspecified location off the coast of Lampedusa, Italy  - departure from El Amra on 30 Jan","35.140348, 12.500034",Uncategorized,"Ansa, UNHCR Lampedusa",https://web.archive.org/web/20240216091655/https://www.ansa.it/amp/english/news/2024/02/01/boat-sinks-at-lampedusa-49-migrants-rescued-some-missing_9d21aefd-4f2f-4a76-8485-15cec0f11aaf.html,4,35.140348,12.500034,41.80549975,
2024.MMP0170,2024.MMP0170,Incident,Mediterranean,2024-03-08,2024,March,1,0,1,46,,1,,Pakistan,Southern Asia,Sickness / lack of access to adequate healthcare,Italy,Central Mediterranean,"On rocks West Lampedusa, Italy - embarkation from Zuwara","35.511389, 12.61561",Uncategorized,"UNHCR, ANSA, InfoMigrants",https://web.archive.org/web/20240311143719/https://www.ansa.it/english/news/general_news/2024/03/08/46-migrants-rescued-from-rocks-on-lampedusa_82676591-7aa1-48d0-af36-2d4973ff3d7a.html,4,35.511389,12.61561,2.07884091,
2024.MMP0203,"2024.MMP0203724,2024.MMP0203725,2024.MMP0203726",Split Incident,Mediterranean,2024-03-18,2024,March,2,3,5,49,,2,,"Cameroon,Mali,Senegal","Middle Africa,Western Africa",Drowning,Italy,Central Mediterranean,"Unspecified location during SAR off the coast of Lampedusa, Italy. Departed from Sfax, Tunisia","35.443171, 12.383438",Uncategorized,"UNHCR,UNHCR, IOM Italy, Infomigrants",https://web.archive.org/web/20240322115651/https://www.infomigrants.net/en/post/55920/migrant-boat-rescued-off-lampedusa-two-dead,4,35.443171,12.383438,20.31479858,
2024.MMP0241,"2024.MMP0241785,2024.MMP0241786,2024.MMP0241787",Split Incident,Mediterranean,2024-03-25,2024,March,,3,3,139,,3,,"Bangladesh,Ethiopia,Syrian Arab Republic","Eastern Africa,Southern Asia,Western Asia",Drowning,Libya,Central Mediterranean,Unspecified location off the coast of Libya,"35.512325, 12.568768",Uncategorized,"Infomigrants, ANSA",https://web.archive.org/web/20240404112922/https://www.infomigrants.net/en/post/56053/three-migrants-missing-in-international-waters-after-tanker-rescue,3,35.512325,12.568768,2.22320247,Location text refers to the Libyan coast; the supplied coordinates are near Lampedusa. Unresolved source discrepancy.
2024.MMP0353,2024.MMP0353,Incident,Mediterranean,2024-04-06,2024,April,1,0,1,50,,,,Unknown,Unknown,"Harsh environmental conditions / lack of adequate shelter, food, water",Italy,Central Mediterranean,"International waters off Lampedusa, Italy","35.439426, 12.305599",Uncategorized,"RESQSHIP, ilfattonisseno",https://twitter.com/resqship/status/1787745926984942013,4,35.439426,12.305599,27.12969652,
2024.MMP0264,"2024.MMP0264901,2024.MMP0264902,2024.MMP0264903",Split Incident,Mediterranean,2024-04-10,2024,April,9,15,24,21,,8,4,"Côte d'Ivoire,Mixed/Unknown",Sub-Saharan Africa,"Drowning,Harsh environmental conditions / lack of adequate shelter, food, water",Italy,Central Mediterranean,"Approx. 30 miles south-east of the island of Lampedusa, Italy - departed from Sfax on 07.04.2024 after 8p.m.","35.201531, 12.84804",Uncategorized,"IOM Italy, The Guardian, TRT World, ilSicilia, AdnKronos, Arab News",https://twitter.com/UNMigrationNews/status/1778803321194577959,4,35.201531,12.84804,41.24590158,
2024.MMP0279,2024.MMP0279,Incident,Mediterranean,2024-04-10,2024,April,,45,45,1,,,,Unknown,Unknown,Drowning,Italy,Central Mediterranean,"Unspecified location between Tunisia and Lampedusa, Italy - departed from Sfax on 07.04.2024 at around 8 p.m.","35.429542, 12.342026",Uncategorized,"IOM Italy, UNHCR",https://twitter.com/UNMigrationNews/status/1778803321194577959,4,35.429542,12.342026,24.36067264,
2024.MMP4133,2024.MMP4133,Incident,Mediterranean,2024-05-07,2024,May,1,0,1,,,1,,Pakistan,Southern Asia,Vehicle accident / death linked to hazardous transport,Italy,Central Mediterranean,"Unspecified location in Italian SAR zone near Lampedusa, Italy","35.274185, 12.455121",Uncategorized,UNHCR,,4,35.274185,12.455121,28.90341211,
2024.MMP0413,2024.MMP0413,Incident,Mediterranean,2024-05-28,2024,May,1,0,1,44,,,1,Guinea,Western Africa,"Harsh environmental conditions / lack of adequate shelter, food, water",Italy,Central Mediterranean,"Unspecified location near Lampedusa, Italy - departed from Sfax 2 days before the incident (26.5.24)","35.458895, 12.44648",Uncategorized,"UNHCR, SOS Humanity",https://x.com/soshumanity_en/status/1795359983267467608?s=46,4,35.458895,12.44648,14.36337100,
2024.MMP1082,2024.MMP1082,Incident,Mediterranean,2024-08-12,2024,August,1,0,1,145,1,,,Unknown,Unknown,Drowning,Italy,Central Mediterranean,"Off the coasts of Lampedusa, Italy - departure from Sabratah, Libya","35.537329, 12.574663",Uncategorized,"InfoMigrants, LiveSicilia",http://archive.today/U5JFv,3,35.537329,12.574663,3.59567930,
2024.MMP1146,2024.MMP1146,Incident,Mediterranean,2024-08-30,2024,August,1,0,1,,,,,Unknown,Unknown,Drowning,Italy,Central Mediterranean,"1 km from Lampedusa, Italy","35.528803, 12.629377",Uncategorized,"GAETA.IT, QDS, Corriere de la Sera",https://archive.ph/wip/k8m3O,3,35.528803,12.629377,3.99317085,
2024.MMP1151,2024.MMP1151,Incident,Mediterranean,2024-09-04,2024,September,6,15,21,7,,,3,Mixed,Mixed,Vehicle accident / death linked to hazardous transport,Italy,Central Mediterranean,"10 miles south-west from Lampedusa, Italy - departed from Libya","35.419906, 12.433921",Uncategorized,"Capitanerie di Porto - Guardia Costiera, IOM Italy, ANSA, ABC News, The New York Times",https://www.guardiacostiera.gov.it/stampa/Pages/Lampedusa-imbarcazione-semiaffondata-la-Guardia-Costiera-salva-7-migranti.aspx,5,35.419906,12.433921,17.45191478,
2024.MMP1258,2024.MMP1258,Incident,Mediterranean,2024-10-07,2024,October,1,0,1,43,,1,,Syrian Arab Republic,Western Asia,Sickness / lack of access to adequate healthcare,Italy,Central Mediterranean,"Off Lampedusa, Italy - departure from Sabratha, Libya","35.381145, 12.628018",Uncategorized,"InfoMigrants, La Repubblica",https://archive.ph/VuOCf,3,35.381145,12.628018,14.52500816,
2024.MMP2047,2024.MMP2047,Incident,Mediterranean,2024-12-09,2024,December,,44,44,1,,,,Mixed,Western Africa (P),Drowning,Italy,Central Mediterranean,"Off the coast of Lampedusa, Italy - departure from Sfax, Tunisia, see coordinates for location of rescue","35.345, 12.446667",Uncategorized,"Compass Collective, IOM Italy",https://www.instagram.com/p/DDbrid0OEOj/?igsh=aGMzZ3NvdGx5cHVi&img_index=1,4,35.345,12.446667,22.50531139,
2024.MMP2089,2024.MMP2089,Incident,Mediterranean,2024-12-31,2024,December,,23,23,7,5,,3,Unknown,Sub-Saharan Africa (P),Drowning,Italy,Central Mediterranean,"Off Lampedusa, Italy - departure from Zuwara, Libya on 30 Dec","35.446026, 12.592307",Uncategorized,"IOM Italy, Reuters, InfoMigrants, UNICEF, Ansa.it",https://archive.ph/kGUWf,4,35.446026,12.592307,6.95811854,
2025.MMP0058,2025.MMP0058,Incident,Mediterranean,2025-02-06,2025,February,2,0,2,43,,2,,Bangladesh,Southern Asia,"Harsh environmental conditions / lack of adequate shelter, food, water",Italy,Central Mediterranean,"At the beach of Isola dei Conigli/Lampedusa, Italy - departure from  Zawiya on 5 Feb","35.51035997, 12.55818823",Uncategorized,"Ansa, IOM Italy",https://perma.cc/YA9K-52H9,4,35.51035997,12.55818823,3.14801878,
2025.MMP0089,2025.MMP0089,Incident,Mediterranean,2025-02-22,2025,February,1,0,1,,,,,Unknown,Unknown,Drowning,Italy,Central Mediterranean,"Remains recovered off the coast of Lampedusa, Italy","35.49182937, 12.61177228",Uncategorized,"Rai News, QDS",https://perma.cc/S82C-GCQX,3,35.49182937,12.61177228,2.52907207,
2025.MMP2386,2025.MMP2386,Incident,Mediterranean,2025-03-16,2025,March,,2,2,3,,,,Unknown,Unknown,Drowning,Italy,Central Mediterranean,"Unspecified location off the coast of Lampedusa, Italy. Missing people fell into water during rescue by the Nadir","35.11330273, 12.37779959",Uncategorized,UNHCR,,4,35.11330273,12.37779959,48.09352331,
2025.MMP0133,2025.MMP0133,Incident,Mediterranean,2025-03-18,2025,March,6,40,46,10,,6,,Mixed/Unknown,Western Africa,Drowning,Italy,Central Mediterranean,"Near the islet of Lampione, approximately 18 nautical miles from Lampedusa, Italy","35.54876, 12.319675",Uncategorized,"Angela Caponnetto X, Vivere, Sky tg24, IOM Italy, Ansa.it, Palermo Repubblica, N'Zui Manto Telegram via Seneweb Reports",https://perma.cc/A58H-DM2Q,4,35.54876,12.319675,25.12502009,
2025.MMP0748,2025.MMP0748,Incident,Mediterranean,2025-06-30,2025,June,1,1,2,87,1,,1,Côte d'Ivoire,Western Africa,Drowning,Italy,Central Mediterranean,"Unspecified location off the coast of Lampedusa, Italy - departure from Libya on 27 June","35.43786611, 12.60361519",Uncategorized,"IOM Italy, Reuters",https://archive.ph/xbdFu,4,35.43786611,12.60361519,7.92487703,
2025.MMP0914,"2025.MMP09141069,2025.MMP09141070",Split Incident,Mediterranean,2025-08-07,2025,August,,3,3,50,,2,1,"Cameroon,Guinea",Western Africa,Drowning,Italy,Central Mediterranean,"Unspecified location in the Strait of Sicily, near Lampedusa, Italy - embarkation from El Amra, Tunisia","35.43839435, 12.25107194",Uncategorized,"IOM Italy, ANSA via Infomigrants, Live Sicilia",https://archive.ph/1WeYO,4,35.43839435,12.25107194,31.92355329,
2025.MMP0920,"2025.MMP09201111,2025.MMP09201114",Split Incident,Mediterranean,2025-08-13,2025,August,50,8,58,60,7,14,3,"Somalia,Unknown","Eastern Africa,Unknown",Drowning,Italy,Central Mediterranean,"About 14 nautical miles Southwest Lampedusa, Italy - departure from Zawiya, Libya","35.31382774, 12.43569439",Uncategorized,"Hiiraan Online, Somalia Today,IOM Italy and UNHCR via UN News, UNICEF, ANSA, BBC, AFP via France24, TG La7, InfoMigrants","https://perma.cc/HM79-9Y2T,https://perma.cc/KC4J-SMA8","3,4",35.31382774,12.43569439,25.92348539,
2025.MMP2304,"2025.MMP23041182,2025.MMP23041183",Split Incident,Mediterranean,2025-09-01,2025,September,1,1,2,51,,1,,"Bangladesh,Unknown","Southern Asia,Unknown","Drowning,Vehicle accident / death linked to hazardous transport",Italy,Central Mediterranean,"Unspecified location off Lampedusa, Italy ","35.49424679, 12.60062149",Uncategorized,"InfoMigrants, Deshrupantor",https://perma.cc/55DW-J6NL,3,35.49424679,12.60062149,1.74235516,
2025.MMP1006,2025.MMP1006,Incident,Mediterranean,2025-09-08,2025,September,2,0,2,44,,2,,Ethiopia,Eastern Africa,Accidental death,Italy,Central Mediterranean,"At a pier in Lampedusa, Italy - departure from Zuwara, Libya","35.49385979, 12.60536023",Uncategorized,"IOM Italy, Sky tg24, Rai News",https://perma.cc/Y66G-JPNG,4,35.49385979,12.60536023,1.98965207,
2025.MMP1090,"2025.MMP10901666,2025.MMP10901675",Split Incident,Mediterranean,2025-10-19,2025,October,,3,3,90,,,,Unknown,Unknown,"Mixed or unknown,Vehicle accident / death linked to hazardous transport",Italy,Central Mediterranean,"Around 30km from Lampedusa, Italy,Died in hospital in Lampedusa, after being rescued around 30km from Lampedusa, Italy","35.22313341, 12.61121263",Uncategorized,"IOM Italy,IOM Italy, Infomigrants",https://perma.cc/3WMD-JM4M,4,35.22313341,12.61121263,31.78583966,
2025.MMP1577,"2025.MMP15771757,2025.MMP15771785",Split Incident,Mediterranean,2025-10-29,2025,October,4,0,4,102,,4,,"Morocco,Sudan",Northern Africa,Vehicle accident / death linked to hazardous transport,Italy,Central Mediterranean,"Remains found upon disembarkation in Lampedusa, Italy. Boat had departed 4 days prior from Zuwara, Libya","35.50159861, 12.60358212",Uncategorized,IOM Italy,,4,35.50159861,12.60358212,1.24139869,
